"","date","time","datetime","datetime2"
"1",2014-05-01,"19:00:00",2014-05-01 19:00:00,2014-05-01 06:00:00
"2",2014-05-02,"19:00:00",2014-05-02 19:00:00,2014-05-02 06:00:00
"3",2014-05-03,"19:00:00",2014-05-03 19:00:00,2014-05-03 06:00:00
"4",2014-05-04,"19:00:00",2014-05-04 19:00:00,2014-05-04 06:00:00
"5",2014-05-05,"19:00:00",2014-05-05 19:00:00,2014-05-05 06:00:00
"6",2014-05-06,"19:00:00",2014-05-06 19:00:00,2014-05-06 06:00:00
"7",2014-05-07,"19:00:00",2014-05-07 19:00:00,2014-05-07 06:00:00
"8",2014-05-08,"19:00:00",2014-05-08 19:00:00,2014-05-08 06:00:00
"9",2014-05-09,"19:00:00",2014-05-09 19:00:00,2014-05-09 06:00:00
"10",2014-05-10,"19:00:00",2014-05-10 19:00:00,2014-05-10 06:00:00
"11",2014-05-11,"19:00:00",2014-05-11 19:00:00,2014-05-11 06:00:00
"12",2014-05-12,"19:00:00",2014-05-12 19:00:00,2014-05-12 06:00:00
"13",2014-05-13,"19:00:00",2014-05-13 19:00:00,2014-05-13 06:00:00
"14",2014-05-14,"19:00:00",2014-05-14 19:00:00,2014-05-14 06:00:00
"15",2014-05-15,"19:00:00",2014-05-15 19:00:00,2014-05-15 06:00:00
"16",2014-05-16,"19:00:00",2014-05-16 19:00:00,2014-05-16 06:00:00
"17",2014-05-17,"19:00:00",2014-05-17 19:00:00,2014-05-17 06:00:00
"18",2014-05-18,"19:00:00",2014-05-18 19:00:00,2014-05-18 06:00:00
"19",2014-05-19,"19:00:00",2014-05-19 19:00:00,2014-05-19 06:00:00
"20",2014-05-20,"19:00:00",2014-05-20 19:00:00,2014-05-20 06:00:00
"21",2014-05-21,"19:00:00",2014-05-21 19:00:00,2014-05-21 06:00:00
"22",2014-05-22,"19:00:00",2014-05-22 19:00:00,2014-05-22 06:00:00
"23",2014-05-23,"19:00:00",2014-05-23 19:00:00,2014-05-23 06:00:00
"24",2014-05-24,"19:00:00",2014-05-24 19:00:00,2014-05-24 06:00:00
"25",2014-05-25,"19:00:00",2014-05-25 19:00:00,2014-05-25 06:00:00
"26",2014-05-26,"19:00:00",2014-05-26 19:00:00,2014-05-26 06:00:00
"27",2014-05-27,"19:00:00",2014-05-27 19:00:00,2014-05-27 06:00:00
"28",2014-05-28,"19:00:00",2014-05-28 19:00:00,2014-05-28 06:00:00
"29",2014-05-29,"19:00:00",2014-05-29 19:00:00,2014-05-29 06:00:00
"30",2014-05-30,"19:00:00",2014-05-30 19:00:00,2014-05-30 06:00:00
"31",2014-05-31,"19:00:00",2014-05-31 19:00:00,2014-05-31 06:00:00
"32",2015-05-01,"19:00:00",2015-05-01 19:00:00,2015-05-01 06:00:00
"33",2015-05-02,"19:00:00",2015-05-02 19:00:00,2015-05-02 06:00:00
"34",2015-05-03,"19:00:00",2015-05-03 19:00:00,2015-05-03 06:00:00
"35",2015-05-04,"19:00:00",2015-05-04 19:00:00,2015-05-04 06:00:00
"36",2015-05-05,"19:00:00",2015-05-05 19:00:00,2015-05-05 06:00:00
"37",2015-05-06,"19:00:00",2015-05-06 19:00:00,2015-05-06 06:00:00
"38",2015-05-07,"19:00:00",2015-05-07 19:00:00,2015-05-07 06:00:00
"39",2015-05-08,"19:00:00",2015-05-08 19:00:00,2015-05-08 06:00:00
"40",2015-05-09,"19:00:00",2015-05-09 19:00:00,2015-05-09 06:00:00
"41",2015-05-10,"19:00:00",2015-05-10 19:00:00,2015-05-10 06:00:00
"42",2015-05-11,"19:00:00",2015-05-11 19:00:00,2015-05-11 06:00:00
"43",2015-05-12,"19:00:00",2015-05-12 19:00:00,2015-05-12 06:00:00
"44",2015-05-13,"19:00:00",2015-05-13 19:00:00,2015-05-13 06:00:00
"45",2015-05-14,"19:00:00",2015-05-14 19:00:00,2015-05-14 06:00:00
"46",2015-05-15,"19:00:00",2015-05-15 19:00:00,2015-05-15 06:00:00
"47",2015-05-16,"19:00:00",2015-05-16 19:00:00,2015-05-16 06:00:00
"48",2015-05-17,"19:00:00",2015-05-17 19:00:00,2015-05-17 06:00:00
"49",2015-05-18,"19:00:00",2015-05-18 19:00:00,2015-05-18 06:00:00
"50",2015-05-19,"19:00:00",2015-05-19 19:00:00,2015-05-19 06:00:00
"51",2015-05-20,"19:00:00",2015-05-20 19:00:00,2015-05-20 06:00:00
"52",2015-05-21,"19:00:00",2015-05-21 19:00:00,2015-05-21 06:00:00
"53",2015-05-22,"19:00:00",2015-05-22 19:00:00,2015-05-22 06:00:00
"54",2015-05-23,"19:00:00",2015-05-23 19:00:00,2015-05-23 06:00:00
"55",2015-05-24,"19:00:00",2015-05-24 19:00:00,2015-05-24 06:00:00
"56",2015-05-25,"19:00:00",2015-05-25 19:00:00,2015-05-25 06:00:00
"57",2015-05-26,"19:00:00",2015-05-26 19:00:00,2015-05-26 06:00:00
"58",2015-05-27,"19:00:00",2015-05-27 19:00:00,2015-05-27 06:00:00
"59",2015-05-28,"19:00:00",2015-05-28 19:00:00,2015-05-28 06:00:00
"60",2015-05-29,"19:00:00",2015-05-29 19:00:00,2015-05-29 06:00:00
"61",2015-05-30,"19:00:00",2015-05-30 19:00:00,2015-05-30 06:00:00
"62",2015-05-31,"19:00:00",2015-05-31 19:00:00,2015-05-31 06:00:00
